Sıra Numarası,TC Kimlik Numarası,Adı,Soyadı,Cep Telefonu,Kurumu
1,67189308266,Aslı,Sarıgül,0537 345 67 89,Kamu Bankası
2,87027282656,Kemal,Koç,0538 234 56 78,Özel Banka
3,93058047567,Selin,Bayram,0539 890 12 34,Kamu Kurumu
4,98226108789,Mert,Demir,0541 789 01 23,Özel Şirket
5,78923618745,Burcu,Yıldız,0532 345 67 89,Kamu Kurumu
6,18240228352,Onur,Çetin,0542 234 56 78,Özel Şirket
7,73971162004,Emre,Özkan,0555 678 12 34,Kamu Kurumu
8,65892712747,Zeynep,Akın,0530 890 12 34,Özel Şirket
9,64493948230,Ahmet,Sarı,0544 789 01 23,Kamu Bankası
10,41617786848,Seda,Aksoy,0531 345 67 89,Özel Şirket
11,60471415846,Gökhan,Kara,0536 890 12 34,Kamu Kurumu
12,82885598271,Nur,Yılmaz,0533 234 56 78,Özel Banka
13,37638275927,Caner,Turan,0555 789 01 23,Kamu Kurumu
14,79027949376,Derya,Güneş,0537 345 67 89,Özel Şirket
15,34487884496,Buse,Şen,0538 234 56 78,Kamu Bankası
16,92305410112,Ersin,Kılıç,0539 890 12 34,Özel Şirket
17,35615447113,Tuğçe,Öztürk,0541 789 01 23,Kamu Kurumu
18,39705764178,Yasin,Kaplan,0532 345 67 89,Özel Banka
19,10689572848,İpek,Gürkan,0542 234 56 78,Kamu Kurumu
20,63863578760,Ömer,Keskin,0535 789 01 23,Özel Şirket
21,12345678900,Sena,Güler,0555 123 45 67,Özel Şirket
22,23456789012,Caner,Kara,0530 234 56 78,Kamu Kurumu
23,34567890123,Burak,Yılmaz,0531 345 67 89,Özel Şirket
24,45678901234,Pınar,Kara,0542 234 56 78,Kamu Bankası
25,56789012345,Murat,Aslan,0533 345 67 89,Özel Şirket
26,67890123456,Seda,Güneş,0539 234 56 78,Kamu Kurumu
27,78901234567,Mert,Kaymak,0555 345 67 89,Özel Şirket
28,89012345678,Elif,Yılmaz,0534 123 45 67,Kamu Bankası
29,90123456789,Mehmet,Öztürk,0535 234 56 78,Özel Şirket
30,01234567890,Ayşe,Yıldız,0536 345 67 89,Kamu Kurumu
31,12345098765,Ahmet,Özkan,0537 123 45 67,Özel Şirket
32,23456109876,Selin,Kara,0555 234 56 78,Kamu Bankası
33,34567210987,Kemal,Koç,0542 345 67 89,Özel Şirket
34,45678321098,Sedef,Kılıç,0538 234 56 78,Kamu Kurumu
35,56789432109,Ebru,Kara,0541 345 67 89,Özel Şirket
36,67890543210,Kadir,Türk,0539 123 45 67,Kamu Bankası
37,78901654321,Bilgehan,Kalay,0530 234 56 78,Özel Şirket
38,89012765432,İbrahim,Aksoy,0542 345 67 89,Kamu Kurumu
39,90123876543,Buse,Aksu,0531 234 56 78,Özel Şirket
40,01234987654,Gökhan,Kara,0537 345 67 89,Kamu Bankası
41,12345098767,Deniz,Güneş,0538 234 56 78,Özel Şirket
42,23456109878,Merve,Turan,0539 345 67 89,Kamu Kurumu
43,34567210989,Ahmet,Akın,0532 234 56 78,Özel Şirket
44,45678321090,Emre,Çetin,0541 123 45 67,Kamu Bankası
45,56789432101,Zeynep,Yılmaz,0535 345 67 89,Özel Şirket
46,67890543212,Aslı,Koç,0542 234 56 78,Kamu Kurumu
